subject,predicate,object,sentence
Lord Fairfax,Lord Leven,defeated,Royalist forces at Battle of Marston Moor
The Anglo-Saxons,established a settlement in,Langham,was possibly called Laingaham
Private courier services,such as,FedEx United Parcel Service (UPS),compete with USPS
US Postal Service,has increased productivity each year from,2000 to 2007,through increased automation
Marlin Bree,has twice won,West Marine Writers Award,for feature articles published in The Ensign
Marlin Bree,won,2004 award for A Solo Sailor Meets His Storm of Century The Day All Hell Broke Loose,which appeared in June 2003 issue
Marlin Bree,won,2008 award for The Old Man Inland Sea,which was published in January–February 2007 issue
Snoops,along with,The Practice,sustained large audiences
Crosby,starred with,Bob Hope,in seven Road to musical comedies between 1940 and 1962
Snoopy,is loyal,innocent,imaginative good-natured beagle
Hughes Hercules flying boat,transported by barge,train,truck
Baron Kriminel,syncretized with,Saint Martin de Porres,"because his feast day is November 3, day after Fete Ghede"
Baron Kriminel,presented with food,during possession,threatens to kill surrounding people who violate them
USSR,established,diplomatic relations with,United States in November 1933
United States,was among,four major Allies against,Axis powers during World War II
North Atlantic Treaty,was signed by,"U.S., Canada, several Western European nations","in Washington, D.C. on 4 April 1949"
North Atlantic Treaty,established,North Atlantic Treaty Organization (NATO),to provide collective security against Soviet Union
USSR,signed,first bilateral treaty with,United States Soviet RussiaUSSR in June 1964
NATO,has principles for enlargement,three principles,"democracy, individual liberty, rule of law"
Willy Claes,was NATO Secretary General,noted,1995 study on enlargement process
1995 study,discussed,Partnership for Peace North Atlantic Cooperation Council,could assist in enlargement process
1997 Madrid summit,heads of state of NATO issued,Madrid Declaration on Euro-Atlantic Security,happy to be living under democratic rule
1997 Madrid summit,heads of state of NATO,regretted,their Fascist pasts
Lloyd Braun,and,Susan Lyne,were fired
Judge Parker,is,stripped of his badge for,excessive violence fatness drunkenness
Paul Bogart,directed,Broadway Bound (film),written by Neil Simon
Leon Spinks,defeated by,Pablo Romero,at World Amateur Championships in 1986
Leon Spinks,defeated by,Pablo Romero,for 178 pound title
Cassius Clay-Sonny Liston,fight,debuted in,Batman 550
Cassius Clay-Sonny Liston,fight,debuted in,"The Honeymooners episode, TV Or Not TV"
Garuda Indonesia,headquartered in,Tangerang,near Jakarta
D major,is,"Symphony No . 1 in D minor, Op . 9",completed by Ern Dohnnyi in 1901
D major,is,"Symphony No . 1 in D minor, Op . 9",premiered in 1902
D major,is,"Symphony No . 1 in D minor, Op . 9",early work by Dohnnyi
D major,is,"Symphony No . 1 in D minor, Op . 9",Dohnnyi's first full venture into orchestral writing
D major,is,"Symphony No . 1 in D minor, Op . 9",completed by Ern Dohnnyi in 1901
D major,is,"Symphony No . 1 in D minor, Op . 9",premiered in 1902
D major,is,"Symphony No . 1 in D minor, Op . 9",early work by Dohnnyi
D major,is,"Symphony No . 1 in D minor, Op . 9",Dohnnyi's first full venture into orchestral writing
D major,is,"Symphony No . 1 in D minor, Op . 9",completed by Ern Dohnnyi in 1901
D major,is,"Symphony No . 1 in D minor, Op . 9",premiered in 1902
D major,is,"Symphony No . 1 in D minor, Op . 9",early work by Dohnnyi
D major,is,"Symphony No . 1 in D minor, Op . 9",Dohnnyi's first full venture into orchestral writing
D major,is,"Symphony No . 1 in D minor, Op . 9",completed by Ern Dohnnyi in 1901
D major,is,"Symphony No . 1 in D minor, Op . 9",premiered in 1902
D major,is,"Symphony No . 1 in D minor, Op . 9",early work by Dohnnyi
D major,is,"Symphony No . 1 in D minor, Op . 9",Dohnnyi's first full venture into orchestral writing
D major,is,"Symphony No . 1 in D minor, Op . 9",completed by Ern Dohnnyi in 1901
D major,is,"Symphony No . 1 in D minor, Op . 9",premiered in 1902
D major,is,"Symphony No . 1 in D minor, Op . 9",early work by Dohnnyi
D major,is,"Symphony No . 1 in D minor, Op . 9",Dohnnyi's first full venture into orchestral writing
D major,is,"Symphony No . 1 in D minor, Op . 9",completed by Ern Dohnnyi in 1901
D major,is,"Symphony No . 1 in D minor, Op . 9",premiered in 1902
D major,is,"Symphony No . 1 in D minor, Op . 9",early work by Dohnnyi
D major,is,"Symphony No . 1 in D minor, Op . 9",Dohnnyi's first full venture into orchestral writing
D major,is,"Symphony No . 1 in D minor, Op . 9",completed by Ern Dohnnyi in 1901
D major,is,"Symphony No . 1 in D minor, Op . 9",premiered in 1902
D major,is,"Symphony No . 1 in D minor, Op . 9",early work by Dohnnyi
D major,is,"Symphony No . 1 in D minor, Op . 9",Dohnnyi's first full venture into orchestral writing
D major,is,"Symphony No . 1 in D minor, Op . 9",completed by Ern Dohnnyi in 1901
D major,is,"Symphony No . 1 in D minor, Op . 9",premiered in 1902
D major,is,"Symphony No . 1 in D minor, Op . 9",early work by Dohnnyi
D major,is,"Symphony No . 1 in D minor, Op . 9",Dohnnyi's first full venture into orchestral writing
D major,is,"Symphony No . 1 in D minor, Op . 9",completed by Ern Dohnnyi in 1901
D major,is,"Symphony No . 1 in D minor, Op . 9",premiered in 1902
D major,is,"Symphony No . 1 in D minor, Op . 9",early work by Dohnnyi
D major,is,"Symphony No . 1 in D minor, Op . 9",Dohnnyi's first full venture into orchestral writing
D major,is,"Symphony No . 1 in D minor, Op . 9",completed by Ern Dohnnyi in 1901
D major,is,"Symphony No . 1 in D minor, Op . 9",premiered in 1902
D major,is,"Symphony No . 1 in D minor, Op . 9",early work by Dohnnyi
D major,is,"Symphony No . 1 in D minor, Op . 9",Dohnnyi's first full venture into orchestral writing
D major,is,"Symphony No . 1 in D minor, Op . 9",completed by Ern Dohnnyi in 1901
D major,is,"Symphony No . 1 in D minor, Op . 9",premiered in 1902
D major,is,"Symphony No . 1 in D minor, Op . 9",early work by Dohnnyi
D major,is,"Symphony No . 1 in D minor, Op . 9",Dohnnyi's first full venture into orchestral writing
D major,is,"Symphony No . 1 in D minor, Op . 9",completed by Ern Dohnnyi in 1901
D major,is,"Symphony No . 1 in D minor, Op . 9",premiered in 1902
D major,is,"Symphony No . 1 in D minor, Op . 9",early work by Dohnnyi
D major,is,"Symphony No . 1 in D minor, Op . 9",Dohnnyi's first full venture into orchestral writing
D major,is,"Symphony No . 1 in D minor, Op . 9",completed by Ern Dohnnyi in 1901
D major,is,"Symphony No . 1 in D minor, Op . 9",premiered in 1902
D major,is,"Symphony No . 1 in D minor, Op . 9",early work by Dohnnyi
D major,is,"Symphony No . 1 in D minor, Op . 9",Dohnnyi's first full venture into orchestral writing
D major,is,"Symphony No . 1 in D minor, Op . 9",completed by Ern Dohnnyi in 1901
D major,is,"Symphony No . 1 in D minor, Op . 9",premiered in 1902
D major,is,"Symphony No . 1 in D minor, Op . 9",early work by Dohnnyi
D major,is,"Symphony No . 1 in D minor, Op . 9",Dohnnyi's first full venture into orchestral writing
D major,is,"Symphony No . 1 in D minor, Op . 9",completed by Ern Dohnnyi in 1901
D major,is,"Symphony No . 1 in D minor, Op . 9",premiered in 1902
D major,is,"Symphony No . 1 in D minor, Op . 9",early work by Dohnnyi
D major,is,"Symphony No . 1 in D minor, Op . 9",Dohnnyi's first full venture into orchestral writing
D major,is,"Symphony No . 1 in D minor, Op . 9",completed by Ern Dohnnyi in 1901
D major,is,"Symphony No . 1 in D minor, Op . 9",premiered in 1902
D major,is,"Symphony No . 1 in D minor, Op . 9",early work by Dohnnyi
D major,is,"Symphony No . 1 in D minor, Op . 9",Dohnnyi's first full venture into orchestral writing
D major,is,"Symphony No . 1 in D minor, Op . 9",completed by Ern Dohnnyi in 1901
egg white,is added in,Clover Club Cocktail,"not for flavor, but as emulsifier"
Sophocles,Aeschylus,Euripides,plays on Aphrodite
Sophocles,Aeschylus,Euripides,plays on Helen
Sophocles,Aeschylus,Euripides,plays on Menelaus
Sophocles,Aeschylus,Euripides,plays on Hermione
Sophocles,Aeschylus,Euripides,plays on Paris
Sophocles,Aeschylus,Euripides,plays on Tyndareus
Sophocles,Aeschylus,Euripides,plays on Iphianassa
Sophocles,Aeschylus,Euripides,plays on Clytaemnestra
Sophocles,Aeschylus,Euripides,plays on Laodice
Sophocles,Aeschylus,Euripides,plays on Chrysothemis
Sophocles,Aeschylus,Euripides,plays on Iphigeneia
Sophocles,Aeschylus,Euripides,plays on Electra
Sophocles,Aeschylus,Euripides,plays on Orestes
Agamemnon,had children with,Clytemnestra,Orestes
Agamemnon,had children with,Clytemnestra,Iphigenia
Agamemnon,had children with,Clytemnestra,Electra
Agamemnon,had children with,Clytemnestra,Chrysothemis
last of seven kings of Rome,Tarquin Proud,deposed by,Lucius Junius Brutus
Romes last king,Lucius Tarquinius Superbus,became,Republic
Roman citizens,began including theatrical games as,supplement to Lectisternium ceremonies following,devastation of widespread plague in 364 B.C.E
Taylor,played Van Gerwen 62 times,played by,Taylor
Taylor,won 34 times against Van Gerwen,won by,Taylor
Taylor,lost 26 times against Van Gerwen,lost by,Taylor
Taylor,had 2 draws against Van Gerwen,draws with,Van Gerwen
Taylor,won 6 of his last 10 matches against Van Gerwen before his retirement,won,Taylor
Taylor,had nickname The Crafty Potter in early 1990s,had nickname,Taylor
Taylor,reflecting his status as protg of Eric Bristow,reflecting,The Crafty Potter
Eric Bristow,had nickname The Crafty Cockney,had nickname,Eric Bristow
Taylor,terraced house in Burslem,lived in,Taylor
Taylor,living near to Eric Bristows pub Crafty Cockney,living near,Taylor
Yvonne Taylor,bought him set of darts for his birthday,bought,Yvonne Taylor
Taylor,started playing weekly,started playing,Taylor
Taylor,occasionally at Bristows pub,occasionally played at,Bristows pub
Taylor,was selected for county team playing at Super League level,was selected for,Taylor
Eric Bristow,"started sponsoring him by loaning him 10,000",sponsored,Eric Bristow
Eric Bristow,"loaned him 10,000",loaned,Eric Bristow
Eric Bristow,to help him get started as professional darts player,to help,Eric Bristow
Eric Bristow,to take care of his family on condition that he give up his job in ceramic industry,to take care of,Eric Bristow
The Eleventh Hour,aired from,"October 3, 1962","to April 22, 1964"
Popularity,of name Abram,along with other Biblical first names,declined
Popularity,of name Abram,declined by,mid-19th century
Shirley MacLaine,worked with,Wilder Lemmon in 1960,The Apartment
President Michael D. Higgins,became,ninth President of Ireland on,11 November 2011
Daedalic Entertainment,announced intention to develop adventure game based on,The Pillars of Earth,to be released in 2017
Funny Lady,screenplay by,Jay Presson Allen Arnold Schulman,based on story by Schulman
Funny Girl soundtrack,subsequently released in quadraphonic sound vinyl,cassette,compact disc
Dzerzhinskaya (Moscow Metro),was changed to,Lubyanka after squares original name,Lubyanka
Joo Gilberto,created,pioneered,exemplified by
Wilberforce,met,her,two days later on 15 April 1797
Wilberforce,was smitten by,her,following eight-day whirlwind romance
Wilberforce,married,Thomas Clarkson,despite urgings of friends to slow down
Thomas Clarkson,was,English abolitionist,leading campaigner against slave trade in British Empire
The Society for Effecting Abolition of Slave Trade,helped achieve passage of,Slave Trade Act of 1807,which ended British trade in slaves
Thomas Clarkson,campaigned for,abolition of slavery worldwide,in his later years
Thomas Clarkson,was key speaker at,Anti-Slavery Societies,in 1840
Thomas Clarkson,resumed work with,Society for Effecting Abolition of Slave Trade,in 1804
Society for Effecting Abolition of Slave Trade,began meeting again,in June 1804,"strengthened with prominent new members such as Zachary Macaulay, Henry Brougham, James Stephen"
Wilberforce's bill to abolish slave trade,successfully passed all its stages through,House of Commons,in June 1804
Wilberforce's bill to abolish slave trade,was too late in parliamentary session for,completion through House of Lords,to complete its passage through House of Lords
Wilberforce,came into contact with Thomas Clarkson group of anti-slave-trade activists,in year,1787
Loaches,trahiras,many catfish,breathe by passing air through gut
England,has oldest national knockout competition,FA Cup,true
Vermeer Dutch Chocolate Cream Liqueur,presented in,Vermeer in Bosnia (2004),collection of essays by Lawrence Weschler
blood,passes from,small arteries into,capillaries
Orphan human girl,and,benevolent giant,attempt to stop man-eating giants
Orphan human girl,and,benevolent giant,who are invading human world
Kathleen Kennedy,and,Frank Marshall,produced film adaptation
Kathleen Kennedy,and,Tim Burton,produced film
Kathleen Kennedy,and,Denise Di Novi,produced film
Kathleen Kennedy,and,Tim Burton,previously produced The Nightmare Before Christmas
Kathleen Kennedy,and,Denise Di Novi,previously produced The Nightmare Before Christmas
Kathleen Kennedy,and,Tim Burton,previously produced The Nightmare Before Christmas
Kathleen Kennedy,and,Denise Di Novi,produced The Nightmare Before Christmas
Kathleen Kennedy,and,Tim Burton,produced The Nightmare Before Christmas
Kathleen Kennedy,and,Denise Di Novi,produced The Nightmare Before Christmas
Kathleen Kennedy,and,Tim Burton,produced The Nightmare Before Christmas
Kathleen Kennedy,and,Denise Di Novi,produced The Nightmare Before Christmas
Kathleen Kennedy,and,Tim Burton,produced The Nightmare Before Christmas
Kathleen Kennedy,and,Denise Di Novi,produced The Nightmare Before Christmas
Kathleen Kennedy,and,Tim Burton,produced The Nightmare Before Christmas
Kathleen Kennedy,and,Denise Di Novi,produced The Nightmare Before Christmas
Kathleen Kennedy,and,Tim Burton,produced The Nightmare Before Christmas
Kathleen Kennedy,and,Denise Di Novi,produced The Nightmare Before Christmas
Kathleen Kennedy,and,Tim Burton,produced The Nightmare Before Christmas
Kathleen Kennedy,and,Denise Di Novi,produced The Nightmare Before Christmas
Kathleen Kennedy,and,Tim Burton,produced The Nightmare Before Christmas
Kathleen Kennedy,and,Denise Di Novi,produced The Nightmare Before Christmas
Kathleen Kennedy,and,Tim Burton,produced The Nightmare Before Christmas
Kathleen Kennedy,and,Denise Di Novi,produced The Nightmare Before Christmas
Kathleen Kennedy,and,Tim Burton,produced The Nightmare Before Christmas
Kathleen Kennedy,and,Denise Di Novi,produced The Nightmare Before Christmas
Kathleen Kennedy,and,Tim Burton,produced The Nightmare Before Christmas
Kathleen Kennedy,and,Denise Di Novi,produced The Nightmare Before Christmas
Kathleen Kennedy,and,Tim Burton,produced The Nightmare Before Christmas
Kathleen Kennedy,and,Denise Di Novi,produced The Nightmare Before Christmas
Kathleen Kennedy,and,Tim Burton,produced The Nightmare Before Christmas
Kathleen Kennedy,and,Denise Di Novi,produced The Nightmare Before Christmas
Kathleen Kennedy,and,Tim Burton,produced The Nightmare Before Christmas
Kathleen Kennedy,and,Denise Di Novi,produced The Nightmare Before Christmas
Kathleen Kennedy,and,Tim Burton,produced The Nightmare Before Christmas
Kathleen Kennedy,and,Denise Di Novi,produced The Nightmare Before Christmas
Kathleen Kennedy,and,Tim Burton,produced The Nightmare Before Christmas
Kathleen Kennedy,and,Denise Di Novi,produced The Nightmare Before Christmas
Kathleen Kennedy,and,Tim Burton,produced The Nightmare Before Christmas
Kathleen Kennedy,and,Denise Di Novi,produced The Nightmare Before Christmas
Kathleen Kennedy,and,Tim Burton,produced The Nightmare Before Christmas
Kathleen Kennedy,and,Denise Di Novi,produced The Nightmare Before Christmas
Kathleen Kennedy,and,Tim Burton,produced The Nightmare Before Christmas
Kathleen Kennedy,and,Denise Di Novi,produced The Nightmare Before Christmas
Kathleen Kennedy,and,Tim Burton,produced The Nightmare Before Christmas
Kathleen Kennedy,and,Denise Di Novi,produced The Nightmare Before Christmas
Kathleen Kennedy,and,Tim Burton,produced The Nightmare Before Christmas
Kathleen Kennedy,and,Denise Di Novi,produced The Nightmare Before Christmas
Kathleen Kennedy,and,Tim Burton,produced The Nightmare Before Christmas
Kathleen Kennedy,and,Denise Di Novi,produced The Nightmare Before Christmas
Kathleen Kennedy,and,Tim Burton,produced The Nightmare Before Christmas
Kathleen Kennedy,and,Denise Di Novi,produced The Nightmare Before Christmas
Kathleen Kennedy,and,Tim Burton,produced The Nightmare Before Christmas
Kathleen Kennedy,and,Denise Di Novi,produced The Nightmare Before Christmas
Kathleen Kennedy,and,Tim Burton,produced The Nightmare Before Christmas
Kathleen Kennedy,and,Denise Di Novi,produced The Nightmare Before Christmas
Kathleen Kennedy,and,Tim Burton,produced The Nightmare Before Christmas
Kathleen Kennedy,and,Denise Di Novi,produced The Nightmare Before Christmas
Kathleen Kennedy,and,Tim Burton,produced The Nightmare Before Christmas
Kathleen Kennedy,and,Denise Di Novi,produced The Nightmare Before Christmas
Kathleen Kennedy,and,Tim Burton,produced The Nightmare Before Christmas
Kathleen Kennedy,and,Denise Di Novi,produced The Nightmare Before Christmas
Kathleen Kennedy,and,Tim Burton,produced The Nightmare Before Christmas
Kathleen Kennedy,and,Denise Di Novi,produced The Nightmare Before Christmas
Kathleen Kennedy,and,Tim Burton,produced The Nightmare Before Christmas
Kathleen Kennedy,and,Denise Di Novi,produced The Nightmare Before Christmas
Kathleen Kennedy,and,Tim Burton,produced The Nightmare Before Christmas
Kathleen Kennedy,and,Denise Di Novi,produced The Nightmare Before Christmas
Kathleen Kennedy,and,Tim Burton,produced The Nightmare Before Christmas
Kathleen Kennedy,and,Denise Di Novi,produced The Nightmare Before Christmas
Kathleen Kennedy,and,Tim Burton,produced The Nightmare Before Christmas
Kathleen Kennedy,and,Denise Di Novi,produced The Nightmare Before Christmas
Kathleen Kennedy,and,Tim Burton,produced The Nightmare Before Christmas
Kathleen Kennedy,and,Denise Di Novi,produced The Nightmare Before Christmas
Kathleen Kennedy,and,Tim Burton,produced The Nightmare Before Christmas
Kathleen Kennedy,and,Denise Di Novi,produced The Nightmare Before Christmas
Kathleen Kennedy,and,Tim Burton,produced The Nightmare Before Christmas
Kathleen Kennedy,and,Denise Di Novi,produced The Nightmare Before Christmas
Kathleen Kennedy,and,Tim Burton,produced The Nightmare Before Christmas
Kathleen Kennedy,and,Denise Di Novi,produced The Nightmare Before Christmas
Kathleen Kennedy,and,Tim Burton,produced The Nightmare Before Christmas
Kathleen Kennedy,and,Denise Di Novi,produced The Nightmare Before Christmas
Kathleen Kennedy,and,Tim Burton,produced The Nightmare Before Christmas
Kathleen Kennedy,and,Denise Di Novi,produced The Nightmare Before Christmas
Kathleen Kennedy,and,Tim Burton,produced The Nightmare Before Christmas
Kathleen Kennedy,and,Denise Di Novi,produced The Nightmare Before Christmas
Kathleen Kennedy,and,Tim Burton,produced The Nightmare Before Christmas
Kathleen Kennedy,and,Denise Di Novi,produced The Nightmare Before Christmas
Kathleen Kennedy,and,Tim Burton,produced The Nightmare Before Christmas
Kathleen Kennedy,and,Denise Di Novi,produced The Nightmare Before Christmas
Kathleen Kennedy,and,Tim Burton,produced The Nightmare Before Christmas
Kathleen Kennedy,and,Denise Di Novi,produced The Nightmare Before Christmas
Kathleen Kennedy,and,Tim Burton,produced The Nightmare Before Christmas
Kathleen Kennedy,and,Denise Di Novi,produced The Nightmare Before Christmas
Kathleen Kennedy,and,Tim Burton,produced The Nightmare Before Christmas
Kathleen Kennedy,and,Denise Di Novi,produced The Nightmare Before Christmas
Kathleen Kennedy,and,Tim Burton,produced The Nightmare Before Christmas
Kathleen Kennedy,and,Denise Di Novi,produced The Nightmare Before Christmas
Kathleen Kennedy,and,Tim Burton,produced The Nightmare Before Christmas
Kathleen Kennedy,and,Denise Di Novi,produced The Nightmare Before Christmas
Kathleen Kennedy,and,Tim Burton,produced The Nightmare Before Christmas
Kathleen Kennedy,and,Denise Di Novi,produced The Nightmare Before Christmas
Kathleen Kennedy,and,Tim Burton,produced The Nightmare Before Christmas
Kathleen Kennedy,and,Denise Di Novi,produced The Nightmare Before Christmas
Kathleen Kennedy,and,Tim Burton,produced The Nightmare Before Christmas
Kathleen Kennedy,and,Denise Di Novi,produced The Nightmare Before Christmas
Kathleen Kennedy,and,Tim Burton,produced The Nightmare Before Christmas
Kathleen Kennedy,and,Denise Di Novi,produced The Nightmare Before Christmas
Enya Eithne Pdraign N Bhraonin,developed,sound over,following four years
Enya Eithne Pdraign N Bhraonin,developed,sound over,multitracked vocals
Enya Eithne Pdraign N Bhraonin,developed,sound over,scoperow2001
Enya Eithne Pdraign N Bhraonin,developed,sound over,scoperow2002
Enya Eithne Pdraign N Bhraonin,developed,sound over,scoperow2003
Enya Eithne Pdraign N Bhraonin,developed,sound over,scoperow2004
Enya Eithne Pdraign N Bhraonin,developed,sound over,scoperow2005
Enya Eithne Pdraign N Bhraonin,developed,sound over,scoperow2016
About 10 of latent infections,progress to active disease,which if left untreated,kills about half of those infected
original three television series,all of same name,fifth series,The Legacy of Reginald Perrin
local human encroachment,regional extraction of water in both Angola,Namibia,South African filmmaker conservationist Rick Lomba warned in 1980s of threat of cattle invasion to area
The area,was once part of,Lake Makgadikgadi,ancient lake that mostly dried up by early Holocene
Ludlow constituency,largest market town Ludlow,market town Bridgnorth,"population of just over 10,000"
Alkahest,has power to dissolve,every other substance,including gold
Alkahest,was highly sought by,alchemists,for its medicinal qualities
Alkahest,was described by,Philippus Paracelsus,in 1500s
Alkahest,name believed to have been invented by,Paracelsus,from Switzerland
Paracelsus,believed that,Alkahest,was philosophers stone
Alkahest,problem,is that,there are so many different symbols for work
Alchemists,group substances,based on perceived value,to develop base metals into gold
Jung,documents,alchemists collectively come to understand,that they themselves must embody change
Alchemists,hope to effect,change within their materials,to achieve philosophers stone
Alchemists,must become,redeemer figure,to redeem base or vulgar metals
The English title,The Abyss,was accepted on,20 May 1663
He,attempted to discover,formula for fabled red elixir with,Thomas Henshaw
The English title,The Abyss,was accepted as,Original Fellow
Speed Webbs band,worked in,with,Louis Armstrong
New York,became fused with,stride (advanced form of ragtime),became highly evolved
Rivas,had support of,William Walker,beginning of his government
500 mL,of beer,contains,number of standard drinks
Evergreen Terrace,released one Demo-EP Split-EP together with,Cordelle,within first year of being band
Bols,Darna Ovo Liker,DeKuyper,Tom Jerry (drink)
a few spoonfuls of Tom Jerry batter,hot milk,rum,nutmeg
Factors contributing to downturn,include decline in labor union strife,changes in fiscal monetary policy,changes in price expectations
Toyota Yaris,between,1999 and 2005,received same vehicles under Toyota Echo name
car,entered testing development phase in,March 2014,before its debut in 2017 season
car development,overseen by,Tommi Mkinen,under banner of Toyota Gazoo Racing WRT
car,made first public appearance in,May 2016,during testing in Palokka-Puuppola
Models sold are,basic YR,mid-range YRS,YRX sportier ZR
writers,include,with John Wells appearing for first time in,The Faithful Spy
J.C.L.,or higher,are usually called,canonists or canon lawyers
Papal Bull,Brief,or Motu Proprio,is decree inasmuch as these documents are Canon law of Episcopal Church in United States
Jurisprudence of Catholic canon law,in Latin Church,was founded by,Gratian
Jurisprudence of Catholic canon law,in Oriental canon law of Eastern Catholic Churches,holds place similar to that of,Gratian for West
Jurisprudence of Catholic canon law,in Oriental canon law of Eastern Catholic Churches,in held place similar to that of,Photios
Jurisprudence of Catholic canon law,much of legislative style,was adapted from,Roman Law especially Justinianic Corpus Juris Civilis
Wright brothers,made,first powered flight,100 years to day since
Apollo Theater,second product line,Frederick P. Rose Hall,Jazz
Ramsay,named,new heavy component of air,argon
argon,means,lazy,Greek word
Ramsay,discovered,neon,with Morris Travers
Ramsay,discovered,krypton,with Morris Travers
Ramsay,discovered,xenon,with Morris Travers
Ramsay,isolated,helium,which had only been observed in spectrum of sun
Ramsay,collaborated with,Emily Aston,in gas is mainly used to fill hot air party balloons
Some ministries,and some minor departments,are seated in,Bonn
Billington,took postgraduate diploma in,Broadcast Journalism at,"department of Journalism, Media Communication, University of Central Lancashire"
Viti Levu,hosts,most other major towns,"such as Nausori, Vaileka, Ba, Tavua, Kororvou, Nasinu, Nadi (site of international airport)"
Moss,designed collection with,Katy England,for Topshop
Publication,of Van Goghs letters,helped by,in three volumes in 1914
Van Goghs letters,are expressive literate,have been described as,among foremost 19th-century writings of their kind
Irving Stone,wrote biographical novel of Van Goghs life,titled Lust for Life,in 1934
Lust for Life,film further letters Vincent wrote during his life,were to Theo,including his first his last letters
Vincent,letters to Theo,are available today,largely thanks to Theo's wife
Vincent,letters,have been collected,published in book form as The Letters of Vincent van Gogh
Vincent,relationship with,Theo,subject of movie Vincent Theo (1990)
Vincent,relationship with,Theo,important part of film Lust for Life (1956)
Thnard Joseph Louis Gay-Lussac,synthesized,sodium peroxide Fertilizer Manual,jointly published by United Nations Industrial Development Organization ( UNIDO ) International Fertilizer Development Center
Thnard Joseph Louis Gay-Lussac,synthesized,sodium peroxide Fertilizer Manual,published jointly by United Nations Industrial Development Organization ( UNIDO ) International Fertilizer Development Center
Thnard Joseph Louis Gay-Lussac,synthesized,sodium peroxide Fertilizer Manual,published jointly by United Nations Industrial Development Organization ( UNIDO ) International Fertilizer Development Center
Thnard Joseph Louis Gay-Lussac,synthesized,sodium peroxide Fertilizer Manual,published jointly by United Nations Industrial Development Organization ( UNIDO ) International Fertilizer Development Center
Thnard Joseph Louis Gay-Lussac,synthesized,sodium peroxide Fertilizer Manual,published jointly by United Nations Industrial Development Organization ( UNIDO ) International Fertilizer Development Center
Thnard Joseph Louis Gay-Lussac,synthesized,sodium peroxide Fertilizer Manual,published jointly by United Nations Industrial Development Organization ( UNIDO ) International Fertilizer Development Center
Thnard Joseph Louis Gay-Lussac,synthesized,sodium peroxide Fertilizer Manual,published jointly by United Nations Industrial Development Organization ( UNIDO ) International Fertilizer Development Center
Thnard Joseph Louis Gay-Lussac,synthesized,sodium peroxide Fertilizer Manual,published jointly by United Nations Industrial Development Organization ( UNIDO ) International Fertilizer Development Center
Thnard Joseph Louis Gay-Lussac,synthesized,sodium peroxide Fertilizer Manual,published jointly by United Nations Industrial Development Organization ( UNIDO ) International Fertilizer Development Center
Thnard Joseph Louis Gay-Lussac,synthesized,sodium peroxide Fertilizer Manual,published jointly by United Nations Industrial Development Organization ( UNIDO ) International Fertilizer Development Center
Thnard Joseph Louis Gay-Lussac,synthesized,sodium peroxide Fertilizer Manual,published jointly by United Nations Industrial Development Organization ( UNIDO ) International Fertilizer Development Center
Thnard Joseph Louis Gay-Lussac,synthesized,sodium peroxide Fertilizer Manual,published jointly by United Nations Industrial Development Organization ( UNIDO ) International Fertilizer Development Center
Thnard Joseph Louis Gay-Lussac,synthesized,sodium peroxide Fertilizer Manual,published jointly by United Nations Industrial Development Organization ( UNIDO ) International Fertilizer Development Center
Thnard Joseph Louis Gay-Lussac,synthesized,sodium peroxide Fertilizer Manual,published jointly by United Nations Industrial Development Organization ( UNIDO ) International Fertilizer Development Center
Thnard Joseph Louis Gay-Lussac,synthesized,sodium peroxide Fertilizer Manual,published jointly by United Nations Industrial Development Organization ( UNIDO ) International Fertilizer Development Center
Thnard Joseph Louis Gay-Lussac,synthesized,sodium peroxide Fertilizer Manual,published jointly by United Nations Industrial Development Organization ( UNIDO ) International Fertilizer Development Center
Thnard Joseph Louis Gay-Lussac,synthesized,sodium peroxide Fertilizer Manual,published jointly by United Nations Industrial Development Organization ( UNIDO ) International Fertilizer Development Center
Thnard Joseph Louis Gay-Lussac,synthesized,sodium peroxide Fertilizer Manual,published jointly by United Nations Industrial Development Organization ( UNIDO ) International Fertilizer Development Center
Thnard Joseph Louis Gay-Lussac,synthesized,sodium peroxide Fertilizer Manual,published jointly by United Nations Industrial Development Organization ( UNIDO ) International Fertilizer Development Center
Thnard Joseph Louis Gay-Lussac,synthesized,sodium peroxide Fertilizer Manual,published jointly by United Nations Industrial Development Organization ( UNIDO ) International Fertilizer Development Center
Thnard Joseph Louis Gay-Lussac,synthesized,sodium peroxide Fertilizer Manual,published jointly by United Nations Industrial Development Organization ( UNIDO ) International Fertilizer Development Center
Thnard Joseph Louis Gay-Lussac,synthesized,sodium peroxide Fertilizer Manual,published jointly by United Nations Industrial Development Organization ( UNIDO ) International Fertilizer Development Center
Thnard Joseph Louis Gay-Lussac,synthesized,sodium peroxide Fertilizer Manual,published jointly by United Nations Industrial Development Organization ( UNIDO ) International Fertilizer Development Center
Thnard Joseph Louis Gay-Lussac,synthesized,sodium peroxide Fertilizer Manual,published jointly by United Nations Industrial Development Organization ( UNIDO ) International Fertilizer Development Center
Thnard Joseph Louis Gay-Lussac,synthesized,sodium peroxide Fertilizer Manual,published jointly by United Nations Industrial Development Organization ( UNIDO ) International Fertilizer Development Center
Thnard Joseph Louis Gay-Lussac,synthesized,sodium peroxide Fertilizer Manual,published jointly by United Nations Industrial Development Organization ( UNIDO ) International Fertilizer Development Center
Thnard Joseph Louis Gay-Lussac,synthesized,sodium peroxide Fertilizer Manual,published jointly by United Nations Industrial Development Organization ( UNIDO ) International Fertilizer Development Center
Thnard Joseph Louis Gay-Lussac,synthesized,sodium peroxide Fertilizer Manual,published jointly by United Nations Industrial Development Organization ( UNIDO ) International Fertilizer Development Center
Thnard Joseph Louis Gay-Lussac,synthesized,sodium peroxide Fertilizer Manual,published jointly by United Nations Industrial Development Organization ( UNIDO ) International Fertilizer Development Center
Thnard Joseph Louis Gay-Lussac,synthesized,sodium peroxide Fertilizer Manual,published jointly by United Nations Industrial Development Organization ( UNIDO ) International Fertilizer Development Center
Thnard Joseph Louis Gay-Lussac,synthesized,sodium peroxide Fertilizer Manual,published jointly by United Nations Industrial Development Organization ( UNIDO ) International Fertilizer Development Center
Thnard Joseph Louis Gay-Lussac,synthesized,sodium peroxide Fertilizer Manual,published jointly by United Nations Industrial Development Organization ( UNIDO ) International Fertilizer Development Center
Thnard Joseph Louis Gay-Lussac,synthesized,sodium peroxide Fertilizer Manual,published jointly by United Nations Industrial Development Organization ( UNIDO ) International Fertilizer Development Center
Thnard Joseph Louis Gay-Lussac,synthesized,sodium peroxide Fertilizer Manual,published jointly by United Nations Industrial Development Organization ( UNIDO ) International Fertilizer Development Center
Thnard Joseph Louis Gay-Lussac,synthesized,sodium peroxide Fertilizer Manual,published jointly by United Nations Industrial Development Organization ( UNIDO ) International Fertilizer Development Center
Thnard Joseph Louis Gay-Lussac,synthesized,sodium peroxide Fertilizer Manual,published jointly by United Nations Industrial Development Organization ( UNIDO ) International Fertilizer Development Center
Thnard Joseph Louis Gay-Lussac,synthesized,sodium peroxide Fertilizer Manual,published jointly by United Nations Industrial Development Organization ( UNIDO ) International Fertilizer Development Center
Thnard Joseph Louis Gay-Lussac,synthesized,sodium peroxide Fertilizer Manual,published jointly by United Nations Industrial Development Organization ( UNIDO ) International Fertilizer Development Center
Thnard Joseph Louis Gay-Lussac,synthesized,sodium peroxide Fertilizer Manual,published jointly by United Nations Industrial Development Organization ( UNIDO ) International Fertilizer Development Center
Thnard Joseph Louis Gay-Lussac,synthesized,sodium peroxide Fertilizer Manual,published jointly by United Nations Industrial Development Organization ( UNIDO ) International Fertilizer Development Center
Thnard Joseph Louis Gay-Lussac,synthesized,sodium peroxide Fertilizer Manual,published jointly by United Nations Industrial Development Organization ( UNIDO ) International Fertilizer Development Center
Thnard Joseph Louis Gay-Lussac,synthesized,sodium peroxide Fertilizer Manual,published jointly by United Nations Industrial Development Organization ( UNIDO ) International Fertilizer Development Center
Thnard Joseph Louis Gay-Lussac,synthesized,sodium peroxide Fertilizer Manual,published jointly by United Nations Industrial Development Organization ( UNIDO ) International Fertilizer Development Center
Thnard Joseph Louis Gay-Lussac,synthesized,sodium peroxide Fertilizer Manual,published jointly by United Nations Industrial Development Organization ( UNIDO ) International Fertilizer Development Center
Thnard Joseph Louis Gay-Lussac,synthesized,sodium peroxide Fertilizer Manual,published jointly by United Nations Industrial Development Organization ( UNIDO ) International Fertilizer Development Center
Thnard Joseph Louis Gay-Lussac,synthesized,sodium peroxide Fertilizer Manual,published jointly by United Nations Industrial Development Organization ( UNIDO ) International Fertilizer Development Center
Thnard Joseph Louis Gay-Lussac,synthesized,sodium peroxide Fertilizer Manual,published jointly by United Nations Industrial Development Organization ( UNIDO ) International Fertilizer Development Center
Thnard Joseph Louis Gay-Lussac,synthesized,sodium peroxide Fertilizer Manual,published jointly by United Nations Industrial Development Organization ( UNIDO ) International Fertilizer Development Center
Thnard Joseph Louis Gay-Lussac,synthesized,sodium peroxide Fertilizer Manual,published jointly by United Nations Industrial Development Organization ( UNIDO ) International Fertilizer Development Center
Sulfuric acid,is very important commodity chemical,indeed,nations sulfuric acid production is good indicator of its industrial strength
contact process,wet sulfuric acid process,lead chamber process,other methods
salt sulfuric acid,reacting with,produced,hydrochloric acid gas
salt sulfuric acid,reacting with,produced,"insoluble, smelly solid waste"
Triton (moon),is,largest natural satellite of,planet Neptune
Triton (moon),is,first Neptunian moon to be discovered,by English astronomer William Lassell
Triton (moon),has,retrograde orbit,in direction opposite to its planet's rotation
Triton (moon),is,seventh-largest moon in Solar System,by diameter
Triton (moon),has surface of,mostly frozen Triton,called Triton Hopper
Absinthe,adulterated with,poisonous antimony trichloride,to enhance louching effect
Betty Friedan's book,Feminine Mystique,inspired by,The Second Sex
five or more innings,have been played,game can not be resumed in timely manner under normal conditions,it can be ruled as complete game according to Major League Baseball rule 4.10
each team,takes each role once,sequence of each team taking each role once is called inning (plural innings) in baseball,innings (both singular plural) in cricket
play,Arsenic Old Lace,written by,Joseph Kesselring
play,Arsenic Old Lace,written in,1939
play,Arsenic Old Lace,starring Cary Grant in film adaptation,Cary Grant
play,Arsenic Old Lace,directed by,Bretaigne Windust
play,Arsenic Old Lace,opened on Broadway at,Fulton Theatre
play,Arsenic Old Lace,opened on Broadway on,"January 10, 1941"
play,Arsenic Old Lace,moved to Hudson Theatre on,"September 25, 1943"
play,Arsenic Old Lace,closed at Hudson Theatre on,"June 17, 1944"
play,Arsenic Old Lace,most successful of twelve plays by Kesselring,Arsenic Old Lace
Esters,and salts,of formic acid,used by tawny ant
He,conducted,many orchestras in,"Europe, USA, Japan, Australia, Israel"
Ernest,had close association with,composer Robert Simpson,whose First Violin Concerto was dedicated to him
Ernest,played under,Sir Henry Wood,as conductor
Ernest,played under,Sir Henry Wood,as conductor
Spoletta,Sciarrone,soldiers,are heard in Tosca
African bush elephant,separated from,African forest elephant,estimated 2–7 million years ago
Georges Cuvier,named genus,Loxodonte in,1825
government,targeted,women,"early in war focused on extending their existing roles – helping with Belgian refugees, for example"
government,targeted,women,improving recruitment rates amongst men
government,used,Order of White Feather,promise of home comforts for men while they were at front
government,set up,groups,campaign started to get women to help in agriculture
government,set up,Womens Land Army,in
government,formed,twice cavalry division,during Anglo-Egyptian War in 1882
government,formed,twice cavalry division,during Second Boer War (1899–1901) in South Africa
colonial mounted contingents,led,tactical development,during fighting in South Africa
regular cavalry regiments,served in,Second World War,"however, over 3.5 million men had served in British Army"
British Army,called on to fight,around world,starting with campaigns in Europe in 1940
Chaucer School,work,was written by,Geoffrey Chaucer
Chaucer School,work,was written over,600 years ago
Chaucer School,work,was written in,Middle English
Chaucer School,work,was written soon after,Lord Chamberlains censorship of theatre
Chaucer School,work,was done by,Nevill Coghill
Chaucer School,work,was done by,Starkie
Chaucer School,work,was written soon after,Lord Chamberlains censorship of theatre
Chaucer School,work,was done by,Nevill Coghill
Chaucer School,work,was done by,Starkie
Chaucer School,work,was written soon after,Lord Chamberlains censorship of theatre
Chaucer School,work,was done by,Nevill Coghill
Chaucer School,work,was done by,Starkie
Chaucer School,work,was written soon after,Lord Chamberlains censorship of theatre
Chaucer School,work,was done by,Nevill Coghill
Chaucer School,work,was done by,Starkie
Chaucer School,work,was written soon after,Lord Chamberlains censorship of theatre
Chaucer School,work,was done by,Nevill Coghill
Chaucer School,work,was done by,Starkie
Chaucer School,work,was written soon after,Lord Chamberlains censorship of theatre
Chaucer School,work,was done by,Nevill Coghill
Chaucer School,work,was done by,Starkie
Chaucer School,work,was written soon after,Lord Chamberlains censorship of theatre
Chaucer School,work,was done by,Nevill Coghill
Chaucer School,work,was done by,Starkie
Chaucer School,work,was written soon after,Lord Chamberlains censorship of theatre
Dole,was,in,1980 and 1988
Dole,was,in,1976
Nasser Fares,general director of Marabraz,aims to put brand on active duty by,2016
Some cream-style chowders,do not use,cream,are instead prepared using milk roux to thicken them
Flight 370,disappeared en route from,Kuala Lumpur,to Beijing
Malaysia Airlines Flight 370,disappeared en route from,Kuala Lumpur,to Beijing
China,Myanmar,became dialogue partners in,1996
children,cried,because of,lamb loves Mary
Paul Czanne,Pablo Picasso,Georges Braque,avant-garde Cubism art movement
Wedin,ventured into,Abstract art,1958 through mid-1970s
Wedin,used,raw colors applied with palette-knife technique,later phase 1958 through mid-1970s
Wedin,began to paint,large non-objective canvases,1960s
Wedin,painted,thickly applied diagonals of bold color black,1960s
Wedin,produced,brilliantly colored areas,large non-objective canvases in 1960s
Wedin,powerfully impressed by,African artefacts,ethnographic museum at Palais du Trocadro in June 1907
Wedin,displayed painting to acquaintances in his studio,later that year,1907
acquaintances,had reaction of,shock revulsion,Wedin's painting displayed in 1907
Matisse,dismissed work as,hoax,reaction to Wedin's painting displayed in 1907
Picasso,did not exhibit,Le Demoiselles publicly until,1916
Picasso,developed with,Georges Braque,Analytic cubism (1909–1912)
Picasso,developed,Analytic cubism,with Georges Braque
Analytic cubism,is style of painting,Picasso,developed with Georges Braque
Picasso,used,monochrome tradition,Analytic cubism (1909–1912)
Pablo Picasso,jointly developed Cubism with,Georges Braque,from about 1908 through 1912
Pablo Picasso,jointly developed,Analytic cubism,Georges Braque
Pablo Picasso,jointly developed,Analytic cubism,Fernand Lger
Pablo Picasso,jointly developed,Analytic cubism,Juan Gris
Pablo Picasso,jointly developed,Analytic cubism,Albert Gleizes
Pablo Picasso,jointly developed,Analytic cubism,Marcel Duchamp
Pablo Picasso,jointly developed,Analytic cubism,countless other artists
American Social Science Association,founded in,1865,The first parent organization of the American Academy Institute of Arts Letters was founded in 1865 in Boston.
American Academy Institute of Arts Letters,is a parent organization of,American Social Science Association,"The American Academy Institute of Arts Letters is formed from three parent organizations, including the American Social Science Association."
American Academy Institute of Arts Letters,is a parent organization of,National Institute of Arts Letters,"The American Academy Institute of Arts Letters is formed from three parent organizations, including the National Institute of Arts Letters."
American Academy Institute of Arts Letters,is a parent organization of,American Social Science Association,"The American Academy Institute of Arts Letters is formed from three parent organizations, including the American Social Science Association."
American Academy Institute of Arts Letters,is a parent organization of,National Institute of Arts Letters,"The American Academy Institute of Arts Letters is formed from three parent organizations, including the National Institute of Arts Letters."
American Academy Institute of Arts Letters,is a parent organization of,American Social Science Association,"The American Academy Institute of Arts Letters is formed from three parent organizations, including the American Social Science Association."
American Academy Institute of Arts Letters,is a parent organization of,National Institute of Arts Letters,"The American Academy Institute of Arts Letters is formed from three parent organizations, including the National Institute of Arts Letters."
American Academy Institute of Arts Letters,is a parent organization of,American Social Science Association,"The American Academy Institute of Arts Letters is formed from three parent organizations, including the American Social Science Association."
American Academy Institute of Arts Letters,is a parent organization of,National Institute of Arts Letters,"The American Academy Institute of Arts Letters is formed from three parent organizations, including the National Institute of Arts Letters."
American Academy Institute of Arts Letters,is a parent organization of,American Social Science Association,"The American Academy Institute of Arts Letters is formed from three parent organizations, including the American Social Science Association."
American Academy Institute of Arts Letters,is a parent organization of,National Institute of Arts Letters,"The American Academy Institute of Arts Letters is formed from three parent organizations, including the National Institute of Arts Letters."
American Academy Institute of Arts Letters,is a parent organization of,American Social Science Association,"The American Academy Institute of Arts Letters is formed from three parent organizations, including the American Social Science Association."
American Academy Institute of Arts Letters,is a parent organization of,National Institute of Arts Letters,"The American Academy Institute of Arts Letters is formed from three parent organizations, including the National Institute of Arts Letters."
American Academy Institute of Arts Letters,is a parent organization of,American Social Science Association,"The American Academy Institute of Arts Letters is formed from three parent organizations, including the American Social Science Association."
American Academy Institute of Arts Letters,is a parent organization of,National Institute of Arts Letters,"The American Academy Institute of Arts Letters is formed from three parent organizations, including the National Institute of Arts Letters."
American Academy Institute of Arts Letters,is a parent organization of,American Social Science Association,"The American Academy Institute of Arts Letters is formed from three parent organizations, including the American Social Science Association."
American Academy Institute of Arts Letters,is a parent organization of,National Institute of Arts Letters,"The American Academy Institute of Arts Letters is formed from three parent organizations, including the National Institute of Arts Letters."
American Academy Institute of Arts Letters,is a parent organization of,American Social Science Association,"The American Academy Institute of Arts Letters is formed from three parent organizations, including the American Social Science Association."
American Academy Institute of Arts Letters,is a parent organization of,National Institute of Arts Letters,"The American Academy Institute of Arts Letters is formed from three parent organizations, including the National Institute of Arts Letters."
American Academy Institute of Arts Letters,is a parent organization of,American Social Science Association,"The American Academy Institute of Arts Letters is formed from three parent organizations, including the American Social Science Association."
American Academy Institute of Arts Letters,is a parent organization of,National Institute of Arts Letters,"The American Academy Institute of Arts Letters is formed from three parent organizations, including the National Institute of Arts Letters."
American Academy Institute of Arts Letters,is a parent organization of,American Social Science Association,"The American Academy Institute of Arts Letters is formed from three parent organizations, including the American Social Science Association."
American Academy Institute of Arts Letters,is a parent organization of,National Institute of Arts Letters,"The American Academy Institute of Arts Letters is formed from three parent organizations, including the National Institute of Arts Letters."
American Academy Institute of Arts Letters,is a parent organization of,American Social Science Association,"The American Academy Institute of Arts Letters is formed from three parent organizations, including the American Social Science Association."
American Academy Institute of Arts Letters,is a parent organization of,National Institute of Arts Letters,"The American Academy Institute of Arts Letters is formed from three parent organizations, including the National Institute of Arts Letters."
American Academy Institute of Arts Letters,is a parent organization of,American Social Science Association,"The American Academy Institute of Arts Letters is formed from three parent organizations, including the American Social Science Association."
American Academy Institute of Arts Letters,is a parent organization of,National Institute of Arts Letters,"The American Academy Institute of Arts Letters is formed from three parent organizations, including the National Institute of Arts Letters."
American Academy Institute of Arts Letters,is a parent organization of,American Social Science Association,"The American Academy Institute of Arts Letters is formed from three parent organizations, including the American Social Science Association."
American Academy Institute of Arts Letters,is a parent organization of,National Institute of Arts Letters,"The American Academy Institute of Arts Letters is formed from three parent organizations, including the National Institute of Arts Letters."
American Academy Institute of Arts Letters,is a parent organization of,American Social Science Association,"The American Academy Institute of Arts Letters is formed from three parent organizations, including the American Social Science Association."
American Academy Institute of Arts Letters,is a parent organization of,National Institute of Arts Letters,"The American Academy Institute of Arts Letters is formed from three parent organizations, including the National Institute of Arts Letters."
American Academy Institute of Arts Letters,is a parent organization of,American Social Science Association,"The American Academy Institute of Arts Letters is formed from three parent organizations, including the American Social Science Association."
American Academy Institute of Arts Letters,is a parent organization of,National Institute of Arts Letters,"The American Academy Institute of Arts Letters is formed from three parent organizations, including the National Institute of Arts Letters."
American Academy Institute of Arts Letters,is a parent organization of,American Social Science Association,"The American Academy Institute of Arts Letters is formed from three parent organizations, including the American Social Science Association."
American Academy Institute of Arts Letters,is a parent organization of,National Institute of Arts Letters,"The American Academy Institute of Arts Letters is formed from three parent organizations, including the National Institute of Arts Letters."
American Academy Institute of Arts Letters,is a parent organization of,American Social Science Association,"The American Academy Institute of Arts Letters is formed from three parent organizations, including the American Social Science Association."
American Academy Institute of Arts Letters,is a parent organization of,National Institute of Arts Letters,"The American Academy Institute of Arts Letters is formed from three parent organizations, including the National Institute of Arts Letters."
American Academy Institute of Arts Letters,is a parent organization of,American Social Science Association,"The American Academy Institute of Arts Letters is formed from three parent organizations, including the American Social Science Association."
American Academy Institute of Arts Letters,is a parent organization of,National Institute of Arts Letters,"The American Academy Institute of Arts Letters is formed from three parent organizations, including the National Institute of Arts Letters."
American Academy Institute of Arts Letters,is a parent organization of,American Social Science Association,"The American Academy Institute of Arts Letters is formed from three parent organizations, including the American Social Science Association."
American Academy Institute of Arts Letters,is a parent organization of,National Institute of Arts Letters,"The American Academy Institute of Arts Letters is formed from three parent organizations, including the National Institute of Arts Letters."
American Academy Institute of Arts Letters,is a parent organization of,American Social Science Association,"The American Academy Institute of Arts Letters is formed from three parent organizations, including the American Social Science Association."
American Academy Institute of Arts Letters,is a parent organization of,National Institute of Arts Letters,"The American Academy Institute of Arts Letters is formed from three parent organizations, including the National Institute of Arts Letters."
American Academy Institute of Arts Letters,is a parent organization of,American Social Science Association,"The American Academy Institute of Arts Letters is formed from three parent organizations, including the American Social Science Association."
American Academy Institute of Arts Letters,is a parent organization of,National Institute of Arts Letters,"The American Academy Institute of Arts Letters is formed from three parent organizations, including the National Institute of Arts Letters."
Postal clerks,could distinguish,Penny Black Two pence blue more quickly by color than by reading value,practice generally continues today
Collectors,will pay high prices for,rare shades,it may not be easy to tell those apart from variations
Variations caused by age,may not be easy to tell those apart from,postage stamp color,it may not be easy to tell those apart from variations caused by light
Variations caused by age,may not be easy to tell those apart from,postage stamp color,it may not be easy to tell those apart from variations caused by chemicals
Variations caused by age,may not be easy to tell those apart from,postage stamp color,it may not be easy to tell those apart from variations caused by short strokes or dots in originals
Rick Grimes,Michonne,go on supply run with,Carl Grimes
Henry Brooke Hagstromer Wright,is,brother of,Sir Almroth Edward Wright
clothes,in Egypt,similar to,Gulf states
clothes,in Sahelian Africa,not exclusively worn in,Bglanfini
Rudyard Kipling,wrote,The Last of Light Brigade in,1891
Arthur,appears as companion of,Gawain in,Culhwch Olwen in Mabinogion
Arthur,appears with,Gawain,in early Welsh sources
Arthur,appears with,Galahad,in early Welsh sources
Arthur,appears with,Gawain,in Culhwch Olwen
Arthur,appears with,Galahad,in Culhwch Olwen
Arthur,appears with,Gawain,in Mabinogion
Arthur,appears with,Galahad,in Mabinogion
Metacritic,averaged score for,Legion The Legend of Excalibur,is 51100
GameRankings,averaged score for,Legion The Legend of Excalibur,is 57.89
Fujairah,was not recognised as,Trucial State until,1952
Volleyballs,consist of eighteen panels of,synthetic or genuine leather,arranged in six identical sections of three panels each
server,not out,unless,misses three times in succession
server,misses,three times in succession,not out
2 Chainz,Rick Ross,Black Metaphor,Seven Devils by Florence Machine
Buea,became,capital of,now West Cameroon
Yaounde,doubled as,federal capital,East Cameroon
Ahidjo,accepted,federation,as step towards unitary state
Foncha,became,prime minister of,West Cameroon
Foncha,became,vice president of,Federal Republic of Cameroon
Most decisions about West Cameroon,taken without,consultation,which led to widespread feelings amongst farms
He,was elected leader of,Labour Party in,July 1994
He,was elected leader of,Labour Party following sudden death of,John Smith
Book of Southern Qi,volumes 1 2,cover,Emperor Gao
people of Qi,tried to make Duke Hu of Qi,Duke Li's grand-uncle,new ruler
The Everly Brothers,recorded for,Archie Bleyers Cadence label for,three years
porphyrins,carotenoids,anthocyanins,betalains
"Barry, Robin Maurice Gibb",wrote,Odessa (City on Black Sea) in,1968
"Barry, Robin Maurice Gibb",wrote,Odessa (City on Black Sea) released in,early 1969
Aja (album),is,sixth album by,Steely Dan
Steely Dan,has,sixth album,Aja (album)
Aja (album),was originally released in,1977,on ABC Records
Aja (album),became,Steely Dan's,best-selling album
Aja (album),is led by,Donald Fagen Walter Becker,Steely Dan
Aja (album),pushed Steely Dan,further into experimenting,with different combinations of session players
Aja (album),peaked at number,three on U.S. charts,Aja (album)
Aja (album),peaked at number,five in U.K.,Aja (album)
Aja (album),was Steely Dan's,first platinum album,Aja (album)
Aja (album),eventually sold over,5 million copies,Aja (album)
Aja (album),spawned number of hit singles,including Peg Deacon Blues Josie,Aja (album)
Walter Becker Donald Fagen,played back several of rejected guitar solos for,Peg,Steely Dan
The Bear,was played live on,Shuffle Diplomacy tour,Steely Dan
Dave Thomas,appeared in more than 800 commercial advertisements for,Wendys from,1989 to 2002
Whiteman,kept,Doyles Dance Academy in Cincinnati,became occasion for series of band individual photographs
He,was buried at,St Thomas churchyard Chichester diocese,according to letter published in Rye
Film cards,show,Directed in,much smaller font
Raymond Briggs,The Snowman (1978),partly inspired by,For two years I worked on Fungus
Sony BMG,dropped him from,line-up after,eight months
Sony BMG,dropped him from,line-up after,X Factor victory
Mack Knife Die Moritat von Mackie Messer,is,part of music drama known as,The Threepenny Opera
Bob Woodward,designer of,fountain,is rare as war memorial in NSW
Lorne Michaels,together with,Belushi's brother Jim Belushi,reviewed actors comedic sketches from Saturday Night Live
Rhapsody in Blue (film),features,fictional women in Gershwin's life played by,Alexis Smith and Joan Leslie
Rhapsody in Blue (film),features,Gershwin's parents played by,Morris Carnovsky and Rosemary De Camp
Rhapsody in Blue (film),features,Ira Gershwin played by,Herbert Rudley
East Cambridge,had tensions with,"Cambridgeport, Old Cambridge due to","differences in culture, sources of income, national origins of residents"
Harvard,history,influence,wealth
Barack Obama,margin of victory in,his home state,25.1 percent
Barack Obama,margin of victory in,Virginia,6.3 percent
V. membranaceum,had,greater total anthocyanin polyphenols than,V. ovatum
V. membranaceum,contained,15 anthocyanins,each species
Courtney,complained about,Huckleberry Finn,writing in Fortnightly Review in 1886
Valdemar Thoresen,wrote an article in,Maaneds magazine claiming that,plot of Tom Sawyer had been plagiarized from Steen Blichers story
Chamberlain,received offices,with Austen Chamberlain writing,The meeting today rejected our advice.
He,was Parliamentary Private Secretary (PPS),to War Secretary,in 1940
Player of Year award,is,similar to,Most Valuable Player award in United States
Player of Year award,held in baseball,similar to,Most Valuable Player award
Syriza,on immigration,LGBT rights,is inclusionary
"National Union of Rail, Maritime Transport Workers",candidates put forward under banner of,No to EU – Yes to Democracy,broad left-wing alter-globalisation coalition
The Left Party (Hungary),aims to build independent leftist political force in Hungarian politics,following examples of different leftist parties elsewhere in Europe,such as SYRIZA in Greece
The Left Party (Hungary),aims to build independent leftist political force in Hungarian politics,following examples of different leftist parties elsewhere in Europe,Die Linke in Germany
Leftist political force,examples of,SYRIZA in Greece,Die Linke in Germany
Pakistan,separated from,Republic of Tajikistan by,Wakhan Corridor
Tajikistan,ranked in,2012 Corruption Perception Index,157th place out of 176
